2022/8/7,walksoldi,scp-6246,SCP-6246,2022/10/7,EN
2022/8/8,tobisiro,7000contestalexanderroberts,SCP-7000 - SCiPCoin,2022/10/8,EN
2022/8/10,kai58,scp-2860,SCP-2860,2022/10/10,EN
2022/8/14,dirstarfish,ralliston-s-proposal,Ralliston's Proposal - The Queen's Gambit,2022/10/14,EN
2022/8/16,C-Dives,scp-4927,SCP-4927,2022/10/16,EN
2022/8/16,C-Dives,scp-6710,SCP-6710,2022/10/16,EN
2022/8/16,pcysl,scp-5947,SCP-5947,2022/10/16,EN
2022/8/16,pcysl,scp-5715,SCP-5715,2022/10/16,EN
2022/8/18,walksoldi,scp-6938,SCP-6938,2022/10/18,EN
2022/8/19,guestC,from-on-high,From On High,2022/10/19,EN
2022/8/19,guestC,impression,Impressions,2022/10/19,EN
2022/8/19,guestC,memory-of-a-memory-antarctic-exchange-6,Memory of a Memory,2022/10/19,EN
2022/8/19,Copperstatue,scp-5764,There is nothing here.,2022/10/19,EN
2022/8/19,pcysl,adult:scp-6086,SCP-6086,2022/10/19,EN
2022/8/19,pcysl,scp-5576,SCP-5576,2022/10/19,EN
2022/8/20,walksoldi,scp-5417,SCP-5417,2022/10/20,EN
2022/8/21,C-Dives,7000contestweryllium,SCP-7000 - Bullet Hell,2022/10/21,EN
2022/8/21,flips-0122,scp-6725,SCP-6725,2022/10/21,EN
2022/8/21,C-Dives,scp-6928,SCP-6928,2022/10/21,EN
2022/8/22,hotarugi,scp-5965,SCP-5965,2022/10/22,EN
2022/8/23,dr-kasugai,a-trip-down-memory-lane,A TRIP DOWN MEMORY LANE,2022/10/23,EN
2022/8/23,dr-kasugai,no-return-hub,No Return Hub,2022/10/23,EN
2022/8/25,C-Dives,critter-profile-constantine,Critter Profile: Constantine!,2022/10/25,EN
2022/8/25,pcysl,adult:scp-6969,SCP-6969,2022/10/25,EN
2022/8/25,pcysl,adult:scp-6969-j,SCP-6969-J,2022/10/25,EN
2022/8/27,C-Dives,a-day-at-the-call-center,A Day at the Call Center,2022/10/27,EN
2022/8/27,Witherite,scp-5956,SCP-5956,2022/10/27,EN
2022/8/27,mitsuki1729,scp-6416,SCP-6416,2022/10/27,EN
2022/8/28,leaflet,scp-192-fr-j,Poule qui court très très vite,2022/10/28,FR
2022/8/28,g-and-b-channel,collaboration-page-hub,Collaboration Page Hub,2022/10/28,EN
2022/8/29,C-Dives,scp-6387,SCP-6387,2022/10/29,EN
2022/8/29,walksoldi,scp-6899,SCP-6899,2022/10/29,EN
2022/8/29,walksoldi,inside-the-wall,Inside The Wall,2022/10/29,EN
2022/8/29,08sr_,scp-5520,SCP-5520,2022/10/29,EN
2022/8/30,iti119,theme:blankstyle,BLANKSTYLE CSS,2022/10/30,EN
2022/8/30,Dr_rrrr_2919,scp-7676,SCP-7676 - The Grand Symphony of 1976,2022/10/30,EN
2022/8/30,walksoldi,scp-5277,SCP-5277,2022/10/30,EN
2022/8/31,wisdom-545,scp-3545,The Places You'll Never Go,2022/10/31,EN
2022/9/2,Red_Shrimp,scp-3262,SCP-3262,2022/11/2,EN
2022/9/2,mikeran,scp-es-010,El Jardinero de La Estrella,2022/11/2,ES
2022/9/4,OY2010,scp-6238,SCP-6238,2022/10/23,EN
2022/9/5,walksoldi,scp-4092,SCP-4092,2022/11/5,EN
2022/9/5,leaflet,scp-12954-j,SCP-12954-J,2022/11/5,EN
2022/9/6,iti119,theme:foxtrot,Foxtrot,2022/11/6,EN
2022/9/6,C-Dives,scp-3992,SCP-3992,2022/11/6,EN
2022/9/6,C-Dives,scp-7025,SCP-7025,2022/11/6,EN
2022/9/6,leaflet,scp-5293,SCP-5293,2022/11/6,EN
2022/9/6,gipolibidemia,scp-003-h, SCP-003-H - НормальносEсEпревыше всEго ,2022/11/6,RU
2022/9/6,tutu-sh,scp-4158,SCP-4158,2022/11/6,EN
2022/9/7,walksoldi,scp-6059,SCP-6059,2022/11/7,EN
2022/9/8,C-Dives,scp-4518,SCP-4518,2022/11/8,EN
2022/9/8,dr-kasugai,from-120-s-archives-hub,From 120's Archives Hub,2022/11/8,EN
2022/9/8,flips-0122,scp-7601,SCP-7601,2022/11/8,EN
2022/9/8,pcysl,scp-6111,SCP-6111,2022/11/8,EN
2022/9/9,C-Dives,scp-2811,SCP-2811,2022/11/9,EN
2022/9/9,C-Dives,scp-2812,SCP-2812,2022/11/9,EN
2022/9/10,leaflet,scp-6135,SCP-6135,2022/10/10,EN
2022/9/14,tutu-sh,scp-6832,SCP-6832,2022/11/14,EN
2022/9/14,C-Dives,scp-4587,SCP-4587,2022/11/14,EN
2022/9/14,C-Dives,scp-6359,SCP-6359,2022/11/14,EN
2022/9/14,walksoldi,scp-6330,SCP-6330,2022/11/14,EN
2022/9/15,Childream,scp-6985,SCP-6985,2022/11/15,EN
2022/9/15,walksoldi,scp-7992,SCP-7992,2022/11/15,EN
2022/9/16,leaflet,scp-7123,SCP-7123,2022/10/16,EN
2022/9/17,AF_XLI,scp-100-vn-j,SCP-100-VN-J,2022/11/17,VN
2022/9/18,OY2010,scp-pl-120-j,SCP-EN-120-J,2022/9/20,PL
2022/9/18,forgottenmemorial,scp-7260,SCP-7260,2022/10/31,EN
2022/9/19,C-Dives,scp-1631,SCP-1631,2022/11/19,EN
2022/9/19,C-Dives,scp-4642,SCP-4642,2022/11/19,EN
2022/9/19,C-Dives,scp-7337,SCP-7337,2022/11/19,EN
2022/9/19,Witherite,scp-5056,SCP-5056,2022/11/19,EN
2022/9/19,C-Dives,scp-5036,SCP-5036,2022/11/19,EN
2022/9/19,ashimine,on-the-multiversal-cargo-train,On the Multiversal Cargo Train,2022/11/19,EN
2022/9/19,kaboom1167,vast-suspended-ruins,Vast Suspended Ruins,2022/11/19,EN
2022/9/19,Tsukiyomizuku,foundation-of-nomads,Foundation of Nomads Hub,2022/11/19,EN
2022/9/19,kagayoh,on-the-west-bound-passenger-train,On the West-Bound Passenger Train,2022/11/19,EN
2022/9/20,mikukaneko,theme:scp-human-resources,Human Resources Theme,2022/10/9,EN
2022/9/20,hhayyatto,scp-5452,SCP-5452,2022/11/1,EN
2022/9/20,C-Dives,scp-6207,SCP-6207,2022/11/20,EN
2022/9/20,C-Dives,scp-6837,SCP-6837,2022/11/20,EN
2022/9/20,HARO_des,rabbit-hole-in-time-lapse,Rabbit Hole In Time Lapse,2022/11/20,EN
2022/9/21,iti119,theme:dustjacket-sigma,Dustjacket Sigma-9 チEEチE,2022/11/21,EN
2022/9/22,C-Dives,scp-4280,SCP-4280,2022/11/22,EN
2022/9/22,C-Dives,scp-4873,SCP-4873,2022/11/22,EN
2022/9/22,C-Dives,scp-6481,SCP-6481,2022/11/22,EN
2022/9/22,popepape,all-they-want-is-the-blood,All They Want is the Blood,2022/11/22,EN
2022/9/22,flips-0122,scp-7742,SCP-7742,2022/11/22,EN
2022/9/23,OY2010,scp-7819,Scp 7819 - The Family,2022/10/2,EN
2022/9/23,SY037,antimemetics-division-hub,Character sheet: Marion Wheeler,2022/11/23,EN
2022/9/23,Syuiro_Vermilion,scp-2320,SCP-2320,2022/11/23,EN
2022/9/25,AF_XLI,tydzien-z-zycia-kaczora-michala,TydzieŁEz życia kaczora Michała!,2022/11/25,PL
2022/9/25,Syuiro_Vermilion,scp-9000-01-j,SCP-9000.01-J,2022/11/25,EN
2022/9/25,walksoldi,scp-cn-1032,SCP-CN-1032,2022/11/25,CN
2022/9/26,walksoldi,scp-cn-1005,SCP-CN-1005,2022/11/26,CN
2022/9/27,burnin-a-gogo,component:centered-header-sigma-9,Centered Header Sigma-9,2022/11/27,EN
2022/9/29,Witherite,scp-5109,SCP-5109,2022/11/29,EN
2022/9/29,Witherite,scp-5756,SCP-5756,2022/11/29,EN
2022/9/29,Witherite,scp-6056,SCP-6056,2022/11/29,EN
2022/9/29,Witherite,scp-6643,SCP-6643,2022/11/29,EN
2022/9/30,flips-0122,scp-7090,SCP-7090,2022/11/30,EN
2022/9/30,nukakamo,scp-6068,Site-█▓░▒,2022/11/20,EN
2022/10/1,Dr_Kasugai,on-guard-43-hub,On Guard 43 Hub,2022/12/1,EN
2022/10/2,wisdom-545,scp-zh-144,SCP-ZH-144,2022/12/2,ZH(ZHTR)
2022/10/4,YS_GPCR,scp-6765,SCP-6765,2022/12/4,EN
2022/10/4,walksoldi,scp-5283,SCP-5283,2022/12/4,EN
2022/10/4,leaflet,scp-4380,SCP-4380,2022/12/4,EN
2022/10/5,walksoldi,scp-5192,SCP-5192,2022/12/5,EN
2022/10/6,popepape,agent-spoon-s-personnel-request,Agent Spoon's Personnel Request,2022/12/6,EN
2022/10/6,popepape,clef-eats-ass-the-musical,Clef Eats Ass: The Musical,2022/12/6,EN
2022/10/6,popepape,let-sleeping-dogs-lie-a-play-in-two-acts,"Let Sleeping Dogs Lie, a Play in two Acts",2022/12/6,EN
2022/10/6,popepape,why-clef-hates-cupcakes,Why Clef Hates Cupcakes,2022/12/6,EN
2022/10/7,fattyacid,sarkic-heat,Sarkic Heat,2022/11/7,EN
2022/10/7,C-Dives,scp-7027,SCP-7027,2022/12/7,EN
2022/10/7,C-Dives,scp-7179,SCP-7179,2022/12/7,EN
2022/10/7,C-Dives,who-killed-silas-emerson,Who Killed Silas Emerson?,2022/12/7,EN
2022/10/7,C-Dives,critter-profile-max,Critter Profile: Max!,2022/12/7,EN
2022/10/9,tutu-sh,scp-7088,SCP-7088,2022/12/9,EN
2022/10/9,popepape,it-s-you,It's you.,2022/12/9,EN
2022/10/9,popepape,scp-0166,SCP-166,2022/12/9,EN
